Nazwa miejscowości,Gmina,Powiat (miasto na prawach powiatu),Województwo,Identyfikator miejscowości z krajowego rejestru urzędowego podziału terytorialnego kraju TERYT
Aleksandrów Kujawski,Aleksandrów Kujawski m,aleksandrowski,kujawsko-pomorskie,985384
Aleksandrów Łódzki,Aleksandrów Łódzki,zgierski,łódzkie,958654
Alwernia,Alwernia,chrzanowski,małopolskie,314454
Andrychów,Andrychów,wadowicki,małopolskie,924023
Annopol,Annopol,kraśnicki,lubelskie,786213
Augustów,Augustów m,augustowski,podlaskie,977539
Babimost,Babimost,zielonogórski,lubuskie,988342
Baborów,Baborów,głubczycki,opolskie,965200
Baranów Sandomierski,Baranów Sandomierski,tarnobrzeski,podkarpackie,980352
Barcin,Barcin,żniński,kujawsko-pomorskie,928825
Barczewo,Barczewo,olsztyński,warmińsko-mazurskie,964577
Bardo,Bardo,ząbkowicki,dolnośląskie,983801
Barlinek,Barlinek,myśliborski,zachodniopomorskie,935268
Bartoszyce,Bartoszyce m,bartoszycki,warmińsko-mazurskie,964583
Barwice,Barwice,szczecinecki,zachodniopomorskie,949649
Bełchatów,Bełchatów m,bełchatowski,łódzkie,967647
Bełżyce,Bełżyce,lubelski,lubelskie,955555
Będzin,Będzin,będziński,śląskie,937899
Biała,Biała,prudnicki,opolskie,965223
Biała Piska,Biała Piska,piski,warmińsko-mazurskie,977640
Biała Podlaska,Biała Podlaska m,Biała Podlaska,lubelskie,922018
Biała Rawska,Biała Rawska,rawski,łódzkie,977019
Białobrzegi,Białobrzegi,białobrzeski,mazowieckie,973286
Białogard,Białogard m,białogardzki,zachodniopomorskie,949690
Biały Bór,Biały Bór,szczecinecki,zachodniopomorskie,949767
Białystok,Białystok,Białystok,podlaskie,922410
Biecz,Biecz,gorlicki,małopolskie,952752
Bielawa,Bielawa,dzierżoniowski,dolnośląskie,983818
Bielsk Podlaski,Bielsk Podlaski m,bielski,podlaskie,922685
Bielsko-Biała,Bielsko-Biała,Bielsko-Biała,śląskie,923584
Bieruń,Bieruń,bieruńsko-lędziński,śląskie,938077
Bierutów,Bierutów,oleśnicki,dolnośląskie,987035
Bieżuń,Bieżuń,żuromiński,mazowieckie,111981
Biłgoraj,Biłgoraj m,biłgorajski,lubelskie,987673
Biskupiec,Biskupiec,olsztyński,warmińsko-mazurskie,964590
Bisztynek,Bisztynek,bartoszycki,warmińsko-mazurskie,964608
Blachownia,Blachownia,częstochowski,śląskie,931365
Błaszki,Błaszki,sieradzki,łódzkie,976267
Błażowa,Błażowa,rzeszowski,podkarpackie,974280
Błonie,Błonie,warszawski zachodni,mazowieckie,920249
Bobolice,Bobolice,koszaliński,zachodniopomorskie,949804
Bobowa,Bobowa,gorlicki,małopolskie,417728
Bochnia,Bochnia m,bocheński,małopolskie,981682
Bodzentyn,Bodzentyn,kielecki,świętokrzyskie,230102
Bogatynia,Bogatynia,zgorzelecki,dolnośląskie,935908
Boguchwała,Boguchwała,rzeszowski,podkarpackie,644750
Boguszów-Gorce,Boguszów-Gorce,wałbrzyski,dolnośląskie,983824
Bojanowo,Bojanowo,rawicki,wielkopolskie,954308
Bolesławiec,Bolesławiec m,bolesławiecki,dolnośląskie,935989
Bolków,Bolków,jaworski,dolnośląskie,935995
Borek Wielkopolski,Borek Wielkopolski,gostyński,wielkopolskie,954343
Borne Sulinowo,Borne Sulinowo,szczecinecki,zachodniopomorskie,988715
Braniewo,Braniewo m,braniewski,warmińsko-mazurskie,932710
Brańsk,Brańsk m,bielski,podlaskie,922745
Brodnica,Brodnica m,brodnicki,kujawsko-pomorskie,982954
Brok,Brok,ostrowski,mazowieckie,966151
Brusy,Brusy,chojnicki,pomorskie,928848
Brwinów,Brwinów,pruszkowski,mazowieckie,920284
Brzeg,Brzeg,brzeski,opolskie,965252
Brzeg Dolny,Brzeg Dolny,wołowski,dolnośląskie,987064
Brzesko,Brzesko,brzeski,małopolskie,981966
Brzeszcze,Brzeszcze,oświęcimski,małopolskie,938120
Brześć Kujawski,Brześć Kujawski,włocławski,kujawsko-pomorskie,985444
Brzeziny,Brzeziny m,brzeziński,łódzkie,977025
Brzostek,Brzostek,dębicki,podkarpackie,814493
Brzozów,Brzozów,brzozowski,podkarpackie,952841
Buk,Buk,poznański,wielkopolskie,970520
Bukowno,Bukowno,olkuski,małopolskie,938404
Busko-Zdrój,Busko-Zdrój,buski,świętokrzyskie,946651
Bychawa,Bychawa,lubelski,lubelskie,955621
Byczyna,Byczyna,kluczborski,opolskie,965275
Bydgoszcz,Bydgoszcz,Bydgoszcz,kujawsko-pomorskie,928363
Bystrzyca Kłodzka,Bystrzyca Kłodzka,kłodzki,dolnośląskie,983899
Bytom,Bytom,Bytom,śląskie,938670
Bytom Odrzański,Bytom Odrzański,nowosolski,lubuskie,988359
Bytów,Bytów,bytowski,pomorskie,977290
Cedynia,Cedynia,gryfiński,zachodniopomorskie,978734
Chełm,Chełm m,Chełm,lubelskie,929902
Chełmek,Chełmek,oświęcimski,małopolskie,924098
Chełmno,Chełmno m,chełmiński,kujawsko-pomorskie,983066
Chełmża,Chełmża m,toruński,kujawsko-pomorskie,983126
Chęciny,Chęciny,kielecki,świętokrzyskie,946846
Chmielnik,Chmielnik,kielecki,świętokrzyskie,946906
Chocianów,Chocianów,polkowicki,dolnośląskie,954060
Chociwel,Chociwel,stargardzki,zachodniopomorskie,978757
Chocz,Chocz,pleszewski,wielkopolskie,195564
Chodecz,Chodecz,włocławski,kujawsko-pomorskie,985562
Chodzież,Chodzież m,chodzieski,wielkopolskie,966760
Chojna,Chojna,gryfiński,zachodniopomorskie,978786
Chojnice,Chojnice m,chojnicki,pomorskie,928854
Chojnów,Chojnów m,legnicki,dolnośląskie,954076
Choroszcz,Choroszcz,białostocki,podlaskie,922811
Chorzele,Chorzele,przasnyski,mazowieckie,966270
Chorzów,Chorzów,Chorzów,śląskie,938887
Choszczno,Choszczno,choszczeński,zachodniopomorskie,935280
Chrzanów,Chrzanów,chrzanowski,małopolskie,938982
Ciechanowiec,Ciechanowiec,wysokomazowiecki,podlaskie,957324
Ciechanów,Ciechanów m,ciechanowski,mazowieckie,930414
Ciechocinek,Ciechocinek,aleksandrowski,kujawsko-pomorskie,985616
Cieszanów,Cieszanów,lubaczowski,podkarpackie,972051
Cieszyn,Cieszyn,cieszyński,śląskie,924158
Ciężkowice,Ciężkowice,tarnowski,małopolskie,815239
Cybinka,Cybinka,słubicki,lubuskie,988365
Czaplinek,Czaplinek,drawski,zachodniopomorskie,949810
Czarna Białostocka,Czarna Białostocka,białostocki,podlaskie,922886
Czarna Woda,Czarna Woda,starogardzki,pomorskie,162139
Czarne,Czarne,człuchowski,pomorskie,977309
Czarnków,Czarnków m,czarnkowsko-trzcianecki,wielkopolskie,966777
Czchów,Czchów,brzeski,małopolskie,816871
Czechowice-Dziedzice,Czechowice-Dziedzice,bielski,śląskie,939094
Czeladź,Czeladź,będziński,śląskie,939349
Czempiń,Czempiń,kościański,wielkopolskie,970537
Czerniejewo,Czerniejewo,gnieźnieński,wielkopolskie,970543
Czersk,Czersk,chojnicki,pomorskie,928920
Czerwieńsk,Czerwieńsk,zielonogórski,lubuskie,988371
Czerwionka-Leszczyny,Czerwionka-Leszczyny,rybnicki,śląskie,939409
Częstochowa,Częstochowa,Częstochowa,śląskie,930868
Człopa,Człopa,wałecki,zachodniopomorskie,966808
Człuchów,Człuchów m,człuchowski,pomorskie,977321
Czyżew,Czyżew,wysokomazowiecki,podlaskie,395984
Ćmielów,Ćmielów,ostrowiecki,świętokrzyskie,980435
Daleszyce,Daleszyce,kielecki,świętokrzyskie,236429
Darłowo,Darłowo m,sławieński,zachodniopomorskie,949833
Dąbie,Dąbie,kolski,wielkopolskie,948992
Dąbrowa Białostocka,Dąbrowa Białostocka,sokólski,podlaskie,922923
Dąbrowa Górnicza,Dąbrowa Górnicza,Dąbrowa Górnicza,śląskie,939473
Dąbrowa Tarnowska,Dąbrowa Tarnowska,dąbrowski,małopolskie,982167
Debrzno,Debrzno,człuchowski,pomorskie,977338
Dębica,Dębica m,dębicki,podkarpackie,982233
Dęblin,Dęblin,rycki,lubelskie,955740
Dębno,Dębno,myśliborski,zachodniopomorskie,935305
Dobczyce,Dobczyce,myślenicki,małopolskie,951505
Dobiegniew,Dobiegniew,strzelecko-drezdenecki,lubuskie,935334
Dobra,Dobra,turecki,wielkopolskie,949000
Dobra,Dobra,łobeski,zachodniopomorskie,978852
Dobre Miasto,Dobre Miasto,olsztyński,warmińsko-mazurskie,964614
Dobrodzień,Dobrodzień,oleski,opolskie,931454
Dobrzany,Dobrzany,stargardzki,zachodniopomorskie,978875
Dobrzyca,Dobrzyca,pleszewski,wielkopolskie,196380
Dobrzyń nad Wisłą,Dobrzyń nad Wisłą,lipnowski,kujawsko-pomorskie,985651
Dolsk,Dolsk,śremski,wielkopolskie,970589
Drawno,Drawno,choszczeński,zachodniopomorskie,935357
Drawsko Pomorskie,Drawsko Pomorskie,drawski,zachodniopomorskie,949862
Drezdenko,Drezdenko,strzelecko-drezdenecki,lubuskie,935400
Drobin,Drobin,płocki,mazowieckie,563223
Drohiczyn,Drohiczyn,siemiatycki,podlaskie,922998
Drzewica,Drzewica,opoczyński,łódzkie,973346
Dukla,Dukla,krośnieński,podkarpackie,952924
Duszniki-Zdrój,Duszniki-Zdrój,kłodzki,dolnośląskie,983913
Dynów,Dynów m,rzeszowski,podkarpackie,972080
Działdowo,Działdowo m,działdowski,warmińsko-mazurskie,930609
Działoszyce,Działoszyce,pińczowski,świętokrzyskie,946987
Działoszyn,Działoszyn,pajęczański,łódzkie,703026
Dzierzgoń,Dzierzgoń,sztumski,pomorskie,932726
Dzierżoniów,Dzierżoniów m,dzierżoniowski,dolnośląskie,983988
Dziwnów,Dziwnów,kamieński,zachodniopomorskie,774782
Elbląg,Elbląg m,Elbląg,warmińsko-mazurskie,932703
Ełk,Ełk m,ełcki,warmińsko-mazurskie,977670
Frampol,Frampol,biłgorajski,lubelskie,887196
Frombork,Frombork,braniewski,warmińsko-mazurskie,932732
Garwolin,Garwolin m,garwoliński,mazowieckie,975285
Gąbin,Gąbin,płocki,mazowieckie,968871
Gdańsk,Gdańsk,Gdańsk,pomorskie,933016
Gdynia,Gdynia,Gdynia,pomorskie,934100
Giżycko,Giżycko m,giżycki,warmińsko-mazurskie,977692
Glinojeck,Glinojeck,ciechanowski,mazowieckie,114620
Gliwice,Gliwice,Gliwice,śląskie,940000
Głogów,Głogów m,głogowski,dolnośląskie,954082
Głogów Małopolski,Głogów Małopolski,rzeszowski,podkarpackie,974328
Głogówek,Głogówek,prudnicki,opolskie,965281
Głowno,Głowno m,zgierski,łódzkie,958714
Głubczyce,Głubczyce,głubczycki,opolskie,965329
Głuchołazy,Głuchołazy,nyski,opolskie,965341
Głuszyca,Głuszyca,wałbrzyski,dolnośląskie,984002
Gniew,Gniew,tczewski,pomorskie,934470
Gniewkowo,Gniewkowo,inowrocławski,kujawsko-pomorskie,928937
Gniezno,Gniezno m,gnieźnieński,wielkopolskie,970632
Gogolin,Gogolin,krapkowicki,opolskie,965364
Golczewo,Golczewo,kamieński,zachodniopomorskie,978881
Goleniów,Goleniów,goleniowski,zachodniopomorskie,978929
Golina,Golina,koniński,wielkopolskie,949017
Golub-Dobrzyń,Golub-Dobrzyń m,golubsko-dobrzyński,kujawsko-pomorskie,983155
Gołańcz,Gołańcz,wągrowiecki,wielkopolskie,966820
Gołdap,Gołdap,gołdapski,warmińsko-mazurskie,977700
Goniądz,Goniądz,moniecki,podlaskie,957360
Gorlice,Gorlice m,gorlicki,małopolskie,959903
Gorzów Śląski,Gorzów Śląski,oleski,opolskie,931490
Gorzów Wielkopolski,Gorzów Wielkopolski,Gorzów Wielkopolski,lubuskie,935140
Gostynin,Gostynin m,gostyniński,mazowieckie,968977
Gostyń,Gostyń,gostyński,wielkopolskie,954395
Gościno,Gościno,kołobrzeski,zachodniopomorskie,306236
Gozdnica,Gozdnica,żagański,lubuskie,988388
Góra,Góra,górowski,dolnośląskie,954449
Góra Kalwaria,Góra Kalwaria,piaseczyński,mazowieckie,920321
Górowo Iławeckie,Górowo Iławeckie m,bartoszycki,warmińsko-mazurskie,964643
Górzno,Górzno,brodnicki,kujawsko-pomorskie,983244
Grabów nad Prosną,Grabów nad Prosną,ostrzeszowski,wielkopolskie,936760
Grajewo,Grajewo m,grajewski,podlaskie,957376
Grodków,Grodków,brzeski,opolskie,965401
Grodzisk Mazowiecki,Grodzisk Mazowiecki,grodziski,mazowieckie,920380
Grodzisk Wielkopolski,Grodzisk Wielkopolski,grodziski,wielkopolskie,970810
Grójec,Grójec,grójecki,mazowieckie,973352
Grudziądz,Grudziądz m,Grudziądz,kujawsko-pomorskie,983333
Grybów,Grybów m,nowosądecki,małopolskie,960042
Gryfice,Gryfice,gryficki,zachodniopomorskie,979053
Gryfino,Gryfino,gryfiński,zachodniopomorskie,979076
Gryfów Śląski,Gryfów Śląski,lwówecki,dolnośląskie,936003
Gubin,Gubin m,krośnieński,lubuskie,988394
Hajnówka,Hajnówka m,hajnowski,podlaskie,923035
Halinów,Halinów,miński,mazowieckie,2766
Hel,Hel,pucki,pomorskie,934501
Hrubieszów,Hrubieszów m,hrubieszowski,lubelskie,987800
Iława,Iława m,iławski,warmińsko-mazurskie,964650
Iłowa,Iłowa,żagański,lubuskie,988402
Iłża,Iłża,radomski,mazowieckie,973375
Imielin,Imielin,bieruńsko-lędziński,śląskie,941582
Inowrocław,Inowrocław m,inowrocławski,kujawsko-pomorskie,928989
Ińsko,Ińsko,stargardzki,zachodniopomorskie,979099
Iwonicz-Zdrój,Iwonicz-Zdrój,krośnieński,podkarpackie,953007
Izbica Kujawska,Izbica Kujawska,włocławski,kujawsko-pomorskie,985734
Jabłonowo Pomorskie,Jabłonowo Pomorskie,brodnicki,kujawsko-pomorskie,983474
Janikowo,Janikowo,inowrocławski,kujawsko-pomorskie,929109
Janowiec Wielkopolski,Janowiec Wielkopolski,żniński,kujawsko-pomorskie,929167
Janów Lubelski,Janów Lubelski,janowski,lubelskie,980493
Jarocin,Jarocin,jarociński,wielkopolskie,936776
Jarosław,Jarosław m,jarosławski,podkarpackie,972192
Jasień,Jasień,żarski,lubuskie,988431
Jasło,Jasło m,jasielski,podkarpackie,953059
Jastarnia,Jastarnia,pucki,pomorskie,934518
Jastrowie,Jastrowie,złotowski,wielkopolskie,966843
Jastrzębie-Zdrój,Jastrzębie-Zdrój,Jastrzębie-Zdrój,śląskie,940163
Jawor,Jawor,jaworski,dolnośląskie,954120
Jaworzno,Jaworzno,Jaworzno,śląskie,940335
Jaworzyna Śląska,Jaworzyna Śląska,świdnicki,dolnośląskie,984019
Jedlicze,Jedlicze,krośnieński,podkarpackie,953237
Jedlina-Zdrój,Jedlina-Zdrój,wałbrzyski,dolnośląskie,984025
Jedwabne,Jedwabne,łomżyński,podlaskie,957382
Jelcz-Laskowice,Jelcz-Laskowice,oławski,dolnośląskie,987118
Jelenia Góra,Jelenia Góra,Jelenia Góra,dolnośląskie,935802
Jeziorany,Jeziorany,olsztyński,warmińsko-mazurskie,964703
Jędrzejów,Jędrzejów,jędrzejowski,świętokrzyskie,947030
Jordanów,Jordanów m,suski,małopolskie,960154
Józefów,Józefów,biłgorajski,lubelskie,987897
Józefów,Józefów,otwocki,mazowieckie,920404
Jutrosin,Jutrosin,rawicki,wielkopolskie,954461
Kalety,Kalety,tarnogórski,śląskie,931589
Kalisz,Kalisz,Kalisz,wielkopolskie,936569
Kalisz Pomorski,Kalisz Pomorski,drawski,zachodniopomorskie,949916
Kalwaria Zebrzydowska,Kalwaria Zebrzydowska,wadowicki,małopolskie,924253
Kałuszyn,Kałuszyn,miński,mazowieckie,975380
Kamienna Góra,Kamienna Góra m,kamiennogórski,dolnośląskie,936026
Kamień Krajeński,Kamień Krajeński,sępoleński,kujawsko-pomorskie,929210
Kamień Pomorski,Kamień Pomorski,kamieński,zachodniopomorskie,979113
Kamieńsk,Kamieńsk,radomszczański,łódzkie,541180
Kańczuga,Kańczuga,przeworski,podkarpackie,972424
Karczew,Karczew,otwocki,mazowieckie,920500
Kargowa,Kargowa,zielonogórski,lubuskie,988448
Karlino,Karlino,białogardzki,zachodniopomorskie,949968
Karpacz,Karpacz,jeleniogórski,dolnośląskie,936032
Kartuzy,Kartuzy,kartuski,pomorskie,934547
Katowice,Katowice,Katowice,śląskie,937474
Kazimierz Dolny,Kazimierz Dolny,puławski,lubelskie,955905
Kazimierza Wielka,Kazimierza Wielka,kazimierski,świętokrzyskie,947076
Kąty Wrocławskie,Kąty Wrocławskie,wrocławski,dolnośląskie,987124
Kcynia,Kcynia,nakielski,kujawsko-pomorskie,929233
Kędzierzyn-Koźle,Kędzierzyn-Koźle,kędzierzyńsko-kozielski,opolskie,965424
Kępice,Kępice,słupski,pomorskie,977344
Kępno,Kępno,kępiński,wielkopolskie,936871
Kętrzyn,Kętrzyn m,kętrzyński,warmińsko-mazurskie,964710
Kęty,Kęty,oświęcimski,małopolskie,924365
Kielce,Kielce,Kielce,świętokrzyskie,945930
Kietrz,Kietrz,głubczycki,opolskie,965602
Kisielice,Kisielice,iławski,warmińsko-mazurskie,932749
Kleczew,Kleczew,koniński,wielkopolskie,949023
Kleszczele,Kleszczele,hajnowski,podlaskie,31727
Kluczbork,Kluczbork,kluczborski,opolskie,965619
Kłecko,Kłecko,gnieźnieński,wielkopolskie,970840
Kłobuck,Kłobuck,kłobucki,śląskie,931678
Kłodawa,Kłodawa,kolski,wielkopolskie,949046
Kłodzko,Kłodzko m,kłodzki,dolnośląskie,984077
Knurów,Knurów,gliwicki,śląskie,940849
Knyszyn,Knyszyn,moniecki,podlaskie,923213
Kobylin,Kobylin,krotoszyński,wielkopolskie,954478
Kobyłka,Kobyłka,wołomiński,mazowieckie,920539
Kock,Kock,lubartowski,lubelskie,956069
Kolbuszowa,Kolbuszowa,kolbuszowski,podkarpackie,974392
Kolno,Kolno m,kolneński,podlaskie,957420
Kolonowskie,Kolonowskie,strzelecki,opolskie,965631
Koluszki,Koluszki,łódzki wschodni,łódzkie,967831
Kołaczyce,Kołaczyce,jasielski,podkarpackie,353968
Koło,Koło m,kolski,wielkopolskie,949052
Kołobrzeg,Kołobrzeg m,kołobrzeski,zachodniopomorskie,950026
Koniecpol,Koniecpol,częstochowski,śląskie,931750
Konin,Konin,Konin,wielkopolskie,948667
Konstancin-Jeziorna,Konstancin-Jeziorna,piaseczyński,mazowieckie,920634
Konstantynów Łódzki,Konstantynów Łódzki,pabianicki,łódzkie,958826
Końskie,Końskie,konecki,świętokrzyskie,947136
Koprzywnica,Koprzywnica,sandomierski,świętokrzyskie,796588
Korfantów,Korfantów,nyski,opolskie,496946
Koronowo,Koronowo,bydgoski,kujawsko-pomorskie,929285
Korsze,Korsze,kętrzyński,warmińsko-mazurskie,964726
Kosów Lacki,Kosów Lacki,sokołowski,mazowieckie,676128
Kostrzyn,Kostrzyn,poznański,wielkopolskie,970885
Kostrzyn nad Odrą,Kostrzyn nad Odrą,gorzowski,lubuskie,935452
Koszalin,Koszalin,Koszalin,zachodniopomorskie,949448
Kościan,Kościan,kościański,wielkopolskie,954484
Kościerzyna,Kościerzyna m,kościerski,pomorskie,934553
Kowal,Kowal m,włocławski,kujawsko-pomorskie,985786
Kowalewo Pomorskie,Kowalewo Pomorskie,golubsko-dobrzyński,kujawsko-pomorskie,983540
Kowary,Kowary,jeleniogórski,dolnośląskie,936078
Koziegłowy,Koziegłowy,myszkowski,śląskie,931827
Kozienice,Kozienice,kozienicki,mazowieckie,973524
Koźmin Wielkopolski,Koźmin Wielkopolski,krotoszyński,wielkopolskie,936925
Kożuchów,Kożuchów,nowosolski,lubuskie,988454
Kórnik,Kórnik,poznański,wielkopolskie,970922
Krajenka,Krajenka,złotowski,wielkopolskie,966932
Kraków,Kraków,Kraków,małopolskie,950463
Krapkowice,Krapkowice,krapkowicki,opolskie,965677
Krasnobród,Krasnobród,zamojski,lubelskie,891281
Krasnystaw,Krasnystaw m,krasnostawski,lubelskie,930070
Kraśnik,Kraśnik m,kraśnicki,lubelskie,956112
Krobia,Krobia,gostyński,wielkopolskie,954538
Krosno,Krosno,Krosno,podkarpackie,952410
Krosno Odrzańskie,Krosno Odrzańskie,krośnieński,lubuskie,988460
Krośniewice,Krośniewice,kutnowski,łódzkie,969095
Krotoszyn,Krotoszyn,krotoszyński,wielkopolskie,936931
Kruszwica,Kruszwica,inowrocławski,kujawsko-pomorskie,929380
Krynica Morska,Krynica Morska,nowodworski,pomorskie,932755
Krynica-Zdrój,Krynica-Zdrój,nowosądecki,małopolskie,960390
Krynki,Krynki,sokólski,podlaskie,32655
Krzanowice,Krzanowice,raciborski,śląskie,215427
Krzepice,Krzepice,kłobucki,śląskie,931862
Krzeszowice,Krzeszowice,krakowski,małopolskie,951570
Krzywiń,Krzywiń,kościański,wielkopolskie,954544
Krzyż Wielkopolski,Krzyż Wielkopolski,czarnkowsko-trzcianecki,wielkopolskie,966961
Książ Wielkopolski,Książ Wielkopolski,śremski,wielkopolskie,970968
Kudowa-Zdrój,Kudowa-Zdrój,kłodzki,dolnośląskie,984120
Kunów,Kunów,ostrowiecki,świętokrzyskie,947202
Kutno,Kutno m,kutnowski,łódzkie,969103
Kuźnia Raciborska,Kuźnia Raciborska,raciborski,śląskie,940884
Kwidzyn,Kwidzyn m,kwidzyński,pomorskie,932790
Lądek-Zdrój,Lądek-Zdrój,kłodzki,dolnośląskie,984203
Legionowo,Legionowo,legionowski,mazowieckie,920806
Legnica,Legnica,Legnica,dolnośląskie,954047
Lesko,Lesko,leski,podkarpackie,953409
Leszno,Leszno,Leszno,wielkopolskie,954225
Leśna,Leśna,lubański,dolnośląskie,936121
Leśnica,Leśnica,strzelecki,opolskie,965714
Lewin Brzeski,Lewin Brzeski,brzeski,opolskie,965720
Leżajsk,Leżajsk m,leżajski,podkarpackie,974400
Lębork,Lębork,lęborski,pomorskie,977373
Lędziny,Lędziny,bieruńsko-lędziński,śląskie,940890
Libiąż,Libiąż,chrzanowski,małopolskie,940938
Lidzbark,Lidzbark,działdowski,warmińsko-mazurskie,930644
Lidzbark Warmiński,Lidzbark Warmiński m,lidzbarski,warmińsko-mazurskie,964732
Limanowa,Limanowa m,limanowski,małopolskie,960510
Lipiany,Lipiany,pyrzycki,zachodniopomorskie,979120
Lipno,Lipno m,lipnowski,kujawsko-pomorskie,985830
Lipsk,Lipsk,augustowski,podlaskie,977717
Lipsko,Lipsko,lipski,mazowieckie,973613
Lubaczów,Lubaczów m,lubaczowski,podkarpackie,972447
Lubań,Lubań m,lubański,dolnośląskie,936150
Lubartów,Lubartów m,lubartowski,lubelskie,956313
Lubawa,Lubawa m,iławski,warmińsko-mazurskie,964749
Lubawka,Lubawka,kamiennogórski,dolnośląskie,936180
Lubień Kujawski,Lubień Kujawski,włocławski,kujawsko-pomorskie,985898
Lubin,Lubin m,lubiński,dolnośląskie,954142
Lublin,Lublin,Lublin,lubelskie,954700
Lubliniec,Lubliniec,lubliniecki,śląskie,931945
Lubniewice,Lubniewice,sulęciński,lubuskie,182969
Lubomierz,Lubomierz,lwówecki,dolnośląskie,936210
Luboń,Luboń,poznański,wielkopolskie,970974
Lubraniec,Lubraniec,włocławski,kujawsko-pomorskie,985929
Lubsko,Lubsko,żarski,lubuskie,988490
Lwówek,Lwówek,nowotomyski,wielkopolskie,971028
Lwówek Śląski,Lwówek Śląski,lwówecki,dolnośląskie,936227
Łabiszyn,Łabiszyn,żniński,kujawsko-pomorskie,929405
Łańcut,Łańcut m,łańcucki,podkarpackie,974529
Łapy,Łapy,białostocki,podlaskie,923271
Łasin,Łasin,grudziądzki,kujawsko-pomorskie,983557
Łask,Łask,łaski,łódzkie,976296
Łaskarzew,Łaskarzew m,garwoliński,mazowieckie,975434
Łaszczów,Łaszczów,tomaszowski,lubelskie,893742
Łaziska Górne,Łaziska Górne,mikołowski,śląskie,941139
Łazy,Łazy,zawierciański,śląskie,941197
Łeba,Łeba,lęborski,pomorskie,977380
Łęczna,Łęczna,łęczyński,lubelskie,956388
Łęczyca,Łęczyca m,łęczycki,łódzkie,969250
Łęknica,Łęknica,żarski,lubuskie,988508
Łobez,Łobez,łobeski,zachodniopomorskie,979136
Łobżenica,Łobżenica,pilski,wielkopolskie,966984
Łochów,Łochów,węgrowski,mazowieckie,975492
Łomianki,Łomianki,warszawski zachodni,mazowieckie,920864
Łomża,Łomża m,Łomża,podlaskie,957241
Łosice,Łosice,łosicki,mazowieckie,922120
Łowicz,Łowicz m,łowicki,łódzkie,977031
Łódź,Łódź,Łódź,łódzkie,957650
Łuków,Łuków m,łukowski,lubelskie,975530
Maków Mazowiecki,Maków Mazowiecki,makowski,mazowieckie,966300
Maków Podhalański,Maków Podhalański,suski,małopolskie,924537
Malbork,Malbork m,malborski,pomorskie,932815
Małogoszcz,Małogoszcz,jędrzejowski,świętokrzyskie,249343
Małomice,Małomice,żagański,lubuskie,988514
Margonin,Margonin,chodzieski,wielkopolskie,966990
Marki,Marki,wołomiński,mazowieckie,920901
Maszewo,Maszewo,goleniowski,zachodniopomorskie,979188
Miasteczko Śląskie,Miasteczko Śląskie,tarnogórski,śląskie,943902
Miastko,Miastko,bytowski,pomorskie,977404
Michałowo,Michałowo,białostocki,podlaskie,34507
Miechów,Miechów,miechowski,małopolskie,947225
Miejska Górka,Miejska Górka,rawicki,wielkopolskie,954550
Mielec,Mielec m,mielecki,podkarpackie,974618
Mieroszów,Mieroszów,wałbrzyski,dolnośląskie,984210
Mieszkowice,Mieszkowice,gryfiński,zachodniopomorskie,979202
Międzybórz,Międzybórz,oleśnicki,dolnośląskie,937037
Międzychód,Międzychód,międzychodzki,wielkopolskie,935506
Międzylesie,Międzylesie,kłodzki,dolnośląskie,984226
Międzyrzec Podlaski,Międzyrzec Podlaski m,bialski,lubelskie,922159
Międzyrzecz,Międzyrzecz,międzyrzecki,lubuskie,935529
Międzyzdroje,Międzyzdroje,kamieński,zachodniopomorskie,979248
Mikołajki,Mikołajki,mrągowski,warmińsko-mazurskie,977723
Mikołów,Mikołów,mikołowski,śląskie,941286
Mikstat,Mikstat,ostrzeszowski,wielkopolskie,937066
Milanówek,Milanówek,grodziski,mazowieckie,921020
Milicz,Milicz,milicki,dolnośląskie,987130
Miłakowo,Miłakowo,ostródzki,warmińsko-mazurskie,481761
Miłomłyn,Miłomłyn,ostródzki,warmińsko-mazurskie,482192
Miłosław,Miłosław,wrzesiński,wielkopolskie,971034
Mińsk Mazowiecki,Mińsk Mazowiecki m,miński,mazowieckie,975687
Mirosławiec,Mirosławiec,wałecki,zachodniopomorskie,967038
Mirsk,Mirsk,lwówecki,dolnośląskie,936233
Mława,Mława,mławski,mazowieckie,930696
Młynary,Młynary,elbląski,warmińsko-mazurskie,932873
Modliborzyce,Modliborzyce,janowski,lubelskie,799760
Mogielnica,Mogielnica,grójecki,mazowieckie,973665
Mogilno,Mogilno,mogileński,kujawsko-pomorskie,929428
Mońki,Mońki,moniecki,podlaskie,923348
Morąg,Morąg,ostródzki,warmińsko-mazurskie,964850
Mordy,Mordy,siedlecki,mazowieckie,975747
Moryń,Moryń,gryfiński,zachodniopomorskie,979283
Mosina,Mosina,poznański,wielkopolskie,971057
Mrągowo,Mrągowo m,mrągowski,warmińsko-mazurskie,964896
Mrocza,Mrocza,nakielski,kujawsko-pomorskie,929440
Mrozy,Mrozy,miński,mazowieckie,682940
Mszana Dolna,Mszana Dolna m,limanowski,małopolskie,960697
Mszczonów,Mszczonów,żyrardowski,mazowieckie,977054
Murowana Goślina,Murowana Goślina,poznański,wielkopolskie,971152
Muszyna,Muszyna,nowosądecki,małopolskie,961283
Mysłowice,Mysłowice,Mysłowice,śląskie,941487
Myszków,Myszków,myszkowski,śląskie,932057
Myszyniec,Myszyniec,ostrołęcki,mazowieckie,514928
Myślenice,Myślenice,myślenicki,małopolskie,951617
Myślibórz,Myślibórz,myśliborski,zachodniopomorskie,935558
Nakło nad Notecią,Nakło nad Notecią,nakielski,kujawsko-pomorskie,929463
Nałęczów,Nałęczów,puławski,lubelskie,956454
Namysłów,Namysłów,namysłowski,opolskie,965743
Narol,Narol,lubaczowski,podkarpackie,606984
Nasielsk,Nasielsk,nowodworski,mazowieckie,930740
Nekla,Nekla,wrzesiński,wielkopolskie,590310
Nidzica,Nidzica,nidzicki,warmińsko-mazurskie,964904
Niemcza,Niemcza,dzierżoniowski,dolnośląskie,984232
Niemodlin,Niemodlin,opolski,opolskie,965750
Niepołomice,Niepołomice,wielicki,małopolskie,951675
Nieszawa,Nieszawa,aleksandrowski,kujawsko-pomorskie,985987
Nisko,Nisko,niżański,podkarpackie,980530
Nowa Dęba,Nowa Dęba,tarnobrzeski,podkarpackie,980636
Nowa Ruda,Nowa Ruda m,kłodzki,dolnośląskie,984278
Nowa Sarzyna,Nowa Sarzyna,leżajski,podkarpackie,974788
Nowa Sól,Nowa Sól m,nowosolski,lubuskie,988520
Nowe,Nowe,świecki,kujawsko-pomorskie,929492
Nowe Brzesko,Nowe Brzesko,proszowicki,małopolskie,329705
Nowe Miasteczko,Nowe Miasteczko,nowosolski,lubuskie,988566
Nowe Miasto Lubawskie,Nowe Miasto Lubawskie m,nowomiejski,warmińsko-mazurskie,983563
Nowe Miasto nad Pilicą,Nowe Miasto nad Pilicą,grójecki,mazowieckie,973725
Nowe Skalmierzyce,Nowe Skalmierzyce,ostrowski,wielkopolskie,937089
Nowe Warpno,Nowe Warpno,policki,zachodniopomorskie,979308
Nowogard,Nowogard,goleniowski,zachodniopomorskie,979389
Nowogrodziec,Nowogrodziec,bolesławiecki,dolnośląskie,936262
Nowogród,Nowogród,łomżyński,podlaskie,957459
Nowogród Bobrzański,Nowogród Bobrzański,zielonogórski,lubuskie,988572
Nowy Dwór Gdański,Nowy Dwór Gdański,nowodworski,pomorskie,932880
Nowy Dwór Mazowiecki,Nowy Dwór Mazowiecki,nowodworski,mazowieckie,921148
Nowy Sącz,Nowy Sącz,Nowy Sącz,małopolskie,959435
Nowy Staw,Nowy Staw,malborski,pomorskie,932904
Nowy Targ,Nowy Targ m,nowotarski,małopolskie,961538
Nowy Tomyśl,Nowy Tomyśl,nowotomyski,wielkopolskie,971175
Nowy Wiśnicz,Nowy Wiśnicz,bocheński,małopolskie,824936
Nysa,Nysa,nyski,opolskie,965789
Oborniki,Oborniki,obornicki,wielkopolskie,971181
Oborniki Śląskie,Oborniki Śląskie,trzebnicki,dolnośląskie,987182
Obrzycko,Obrzycko m,szamotulski,wielkopolskie,971212
Odolanów,Odolanów,ostrowski,wielkopolskie,937110
Ogrodzieniec,Ogrodzieniec,zawierciański,śląskie,941748
Okonek,Okonek,złotowski,wielkopolskie,967044
Olecko,Olecko,olecki,warmińsko-mazurskie,977798
Olesno,Olesno,oleski,opolskie,932293
Oleszyce,Oleszyce,lubaczowski,podkarpackie,972507
Oleśnica,Oleśnica m,oleśnicki,dolnośląskie,987213
Olkusz,Olkusz,olkuski,małopolskie,941777
Olsztyn,Olsztyn,Olsztyn,warmińsko-mazurskie,964465
Olsztynek,Olsztynek,olsztyński,warmińsko-mazurskie,964910
Olszyna,Olszyna,lubański,dolnośląskie,191684
Oława,Oława m,oławski,dolnośląskie,987259
Opalenica,Opalenica,nowotomyski,wielkopolskie,971241
Opatów,Opatów,opatowski,świętokrzyskie,980671
Opoczno,Opoczno,opoczyński,łódzkie,967943
Opole,Opole,Opole,opolskie,965016
Opole Lubelskie,Opole Lubelskie,opolski,lubelskie,956550
Orneta,Orneta,lidzbarski,warmińsko-mazurskie,932910
Orzesze,Orzesze,mikołowski,śląskie,941984
Orzysz,Orzysz,piski,warmińsko-mazurskie,977806
Osieczna,Osieczna,leszczyński,wielkopolskie,954567
Osiek,Osiek,staszowski,świętokrzyskie,802202
Ostrołęka,Ostrołęka,Ostrołęka,mazowieckie,966079
Ostroróg,Ostroróg,szamotulski,wielkopolskie,971264
Ostrowiec Świętokrzyski,Ostrowiec Świętokrzyski,ostrowiecki,świętokrzyskie,947308
Ostróda,Ostróda m,ostródzki,warmińsko-mazurskie,964927
Ostrów Lubelski,Ostrów Lubelski,lubartowski,lubelskie,956690
Ostrów Mazowiecka,Ostrów Mazowiecka m,ostrowski,mazowieckie,966330
Ostrów Wielkopolski,Ostrów Wielkopolski m,ostrowski,wielkopolskie,937132
Ostrzeszów,Ostrzeszów,ostrzeszowski,wielkopolskie,937250
Ośno Lubuskie,Ośno Lubuskie,słubicki,lubuskie,935587
Oświęcim,Oświęcim m,oświęcimski,małopolskie,924997
Otmuchów,Otmuchów,nyski,opolskie,965832
Otwock,Otwock,otwocki,mazowieckie,921237
Ozimek,Ozimek,opolski,opolskie,965849
Ozorków,Ozorków m,zgierski,łódzkie,958967
Ożarów,Ożarów,opatowski,świętokrzyskie,980777
Ożarów Mazowiecki,Ożarów Mazowiecki,warszawski zachodni,mazowieckie,921415
Pabianice,Pabianice m,pabianicki,łódzkie,959079
Paczków,Paczków,nyski,opolskie,965855
Pajęczno,Pajęczno,pajęczański,łódzkie,932330
Pakość,Pakość,inowrocławski,kujawsko-pomorskie,929517
Parczew,Parczew,parczewski,lubelskie,922254
Pasłęk,Pasłęk,elbląski,warmińsko-mazurskie,932927
Pasym,Pasym,szczycieński,warmińsko-mazurskie,485813
Pelplin,Pelplin,tczewski,pomorskie,934599
Pełczyce,Pełczyce,choszczeński,zachodniopomorskie,935601
Piaseczno,Piaseczno,piaseczyński,mazowieckie,921438
Piaski,Piaski,świdnicki,lubelskie,389386
Piastów,Piastów,pruszkowski,mazowieckie,921496
Piechowice,Piechowice,jeleniogórski,dolnośląskie,936285
Piekary Śląskie,Piekary Śląskie,Piekary Śląskie,śląskie,942104
Pieniężno,Pieniężno,braniewski,warmińsko-mazurskie,932956
Pieńsk,Pieńsk,zgorzelecki,dolnośląskie,936351
Pieszyce,Pieszyce,dzierżoniowski,dolnośląskie,984396
Pilawa,Pilawa,garwoliński,mazowieckie,975753
Pilica,Pilica,zawierciański,śląskie,219566
Pilzno,Pilzno,dębicki,podkarpackie,982345
Piła,Piła,pilski,wielkopolskie,966530
Piława Górna,Piława Górna,dzierżoniowski,dolnośląskie,984491
Pińczów,Pińczów,pińczowski,świętokrzyskie,947580
Pionki,Pionki m,radomski,mazowieckie,973748
Piotrków Kujawski,Piotrków Kujawski,radziejowski,kujawsko-pomorskie,867510
Piotrków Trybunalski,Piotrków Trybunalski,Piotrków Trybunalski,łódzkie,967430
Pisz,Pisz,piski,warmińsko-mazurskie,977835
Piwniczna-Zdrój,Piwniczna-Zdrój,nowosądecki,małopolskie,961768
Pleszew,Pleszew,pleszewski,wielkopolskie,937280
Płock,Płock,Płock,mazowieckie,968687
Płońsk,Płońsk m,płoński,mazowieckie,930800
Płoty,Płoty,gryficki,zachodniopomorskie,979432
Pniewy,Pniewy,szamotulski,wielkopolskie,971270
Pobiedziska,Pobiedziska,poznański,wielkopolskie,971287
Poddębice,Poddębice,poddębicki,łódzkie,976400
Podkowa Leśna,Podkowa Leśna,grodziski,mazowieckie,921504
Pogorzela,Pogorzela,gostyński,wielkopolskie,954580
Polanica-Zdrój,Polanica-Zdrój,kłodzki,dolnośląskie,984522
Polanów,Polanów,koszaliński,zachodniopomorskie,950115
Police,Police,policki,zachodniopomorskie,979449
Polkowice,Polkowice,polkowicki,dolnośląskie,954165
Połaniec,Połaniec,staszowski,świętokrzyskie,980783
Połczyn-Zdrój,Połczyn-Zdrój,świdwiński,zachodniopomorskie,950144
Poniatowa,Poniatowa,opolski,lubelskie,956744
Poniec,Poniec,gostyński,wielkopolskie,954596
Poręba,Poręba,zawierciański,śląskie,942216
Poznań,Poznań,Poznań,wielkopolskie,969400
Prabuty,Prabuty,kwidzyński,pomorskie,932962
Praszka,Praszka,oleski,opolskie,932353
Prochowice,Prochowice,legnicki,dolnośląskie,954171
Proszowice,Proszowice,proszowicki,małopolskie,951818
Prószków,Prószków,opolski,opolskie,502523
Pruchnik,Pruchnik,jarosławski,podkarpackie,608316
Prudnik,Prudnik,prudnicki,opolskie,965878
Prusice,Prusice,trzebnicki,dolnośląskie,879914
Pruszcz Gdański,Pruszcz Gdański m,gdański,pomorskie,934620
Pruszków,Pruszków,pruszkowski,mazowieckie,921510
Przasnysz,Przasnysz m,przasnyski,mazowieckie,966398
Przecław,Przecław,mielecki,podkarpackie,658828
Przedbórz,Przedbórz,radomszczański,łódzkie,968026
Przedecz,Przedecz,kolski,wielkopolskie,949129
Przemków,Przemków,polkowicki,dolnośląskie,954194
Przemyśl,Przemyśl m,Przemyśl,podkarpackie,971672
Przeworsk,Przeworsk m,przeworski,podkarpackie,972513
Przysucha,Przysucha,przysuski,mazowieckie,973777
Pszczyna,Pszczyna,pszczyński,śląskie,942222
Pszów,Pszów,wodzisławski,śląskie,945083
Puck,Puck m,pucki,pomorskie,934636
Puławy,Puławy m,puławski,lubelskie,956810
Pułtusk,Pułtusk,pułtuski,mazowieckie,930816
Puszczykowo,Puszczykowo,poznański,wielkopolskie,971376
Pyrzyce,Pyrzyce,pyrzycki,zachodniopomorskie,979515
Pyskowice,Pyskowice,gliwicki,śląskie,942417
Pyzdry,Pyzdry,wrzesiński,wielkopolskie,949164
Rabka-Zdrój,Rabka-Zdrój,nowotarski,małopolskie,962503
Raciąż,Raciąż m,płoński,mazowieckie,930839
Racibórz,Racibórz,raciborski,śląskie,942469
Radków,Radków,kłodzki,dolnośląskie,984539
Radlin,Radlin,wodzisławski,śląskie,945108
Radłów,Radłów,tarnowski,małopolskie,827923
Radom,Radom,Radom,mazowieckie,972750
Radomsko,Radomsko m,radomszczański,łódzkie,968078
Radomyśl Wielki,Radomyśl Wielki,mielecki,podkarpackie,982411
Radymno,Radymno m,jarosławski,podkarpackie,972594
Radziejów,Radziejów m,radziejowski,kujawsko-pomorskie,986060
Radzionków,Radzionków,tarnogórski,śląskie,938806
Radzymin,Radzymin,wołomiński,mazowieckie,921591
Radzyń Chełmiński,Radzyń Chełmiński,grudziądzki,kujawsko-pomorskie,983630
Radzyń Podlaski,Radzyń Podlaski m,radzyński,lubelskie,922277
Rajgród,Rajgród,grajewski,podlaskie,957465
Rakoniewice,Rakoniewice,grodziski,wielkopolskie,971413
Raszków,Raszków,ostrowski,wielkopolskie,937310
Rawa Mazowiecka,Rawa Mazowiecka m,rawski,łódzkie,977077
Rawicz,Rawicz,rawicki,wielkopolskie,954604
Recz,Recz,choszczeński,zachodniopomorskie,935653
Reda,Reda,wejherowski,pomorskie,934659
Rejowiec Fabryczny,Rejowiec Fabryczny m,chełmski,lubelskie,930176
Resko,Resko,łobeski,zachodniopomorskie,979580
Reszel,Reszel,kętrzyński,warmińsko-mazurskie,964979
Rogoźno,Rogoźno,obornicki,wielkopolskie,967080
Ropczyce,Ropczyce,ropczycko-sędziszowski,podkarpackie,974825
Różan,Różan,makowski,mazowieckie,966412
Ruciane-Nida,Ruciane-Nida,piski,warmińsko-mazurskie,977841
Ruda Śląska,Ruda Śląska,Ruda Śląska,śląskie,942630
Rudnik nad Sanem,Rudnik nad Sanem,niżański,podkarpackie,980850
Rumia,Rumia,wejherowski,pomorskie,934694
Rybnik,Rybnik,Rybnik,śląskie,942765
Rychwał,Rychwał,koniński,wielkopolskie,949193
Rydułtowy,Rydułtowy,wodzisławski,śląskie,943121
Rydzyna,Rydzyna,leszczyński,wielkopolskie,954633
Ryglice,Ryglice,tarnowski,małopolskie,829098
Ryki,Ryki,rycki,lubelskie,956980
Rymanów,Rymanów,krośnieński,podkarpackie,953421
Ryn,Ryn,giżycki,warmińsko-mazurskie,977893
Rypin,Rypin m,rypiński,kujawsko-pomorskie,986136
Rzepin,Rzepin,słubicki,lubuskie,935682
Rzeszów,Rzeszów,Rzeszów,podkarpackie,974133
Rzgów,Rzgów,łódzki wschodni,łódzkie,415787
Sandomierz,Sandomierz,sandomierski,świętokrzyskie,980926
Sanok,Sanok m,sanocki,podkarpackie,953510
Sejny,Sejny m,sejneński,podlaskie,977918
Serock,Serock,legionowski,mazowieckie,921645
Sędziszów,Sędziszów,jędrzejowski,świętokrzyskie,947610
Sędziszów Małopolski,Sędziszów Małopolski,ropczycko-sędziszowski,podkarpackie,974937
Sępopol,Sępopol,bartoszycki,warmińsko-mazurskie,964985
Sępólno Krajeńskie,Sępólno Krajeńskie,sępoleński,kujawsko-pomorskie,929546
Sianów,Sianów,koszaliński,zachodniopomorskie,950240
Siechnice,Siechnice,wrocławski,dolnośląskie,881160
Siedlce,Siedlce m,Siedlce,mazowieckie,975173
Siemianowice Śląskie,Siemianowice Śląskie,Siemianowice Śląskie,śląskie,943150
Siemiatycze,Siemiatycze m,siemiatycki,podlaskie,923360
Sieniawa,Sieniawa,przeworski,podkarpackie,972683
Sieradz,Sieradz m,sieradzki,łódzkie,976050
Sieraków,Sieraków,międzychodzki,wielkopolskie,971436
Sierpc,Sierpc m,sierpecki,mazowieckie,969310
Siewierz,Siewierz,będziński,śląskie,943204
Skalbmierz,Skalbmierz,kazimierski,świętokrzyskie,947627
Skała,Skała,krakowski,małopolskie,951860
Skarszewy,Skarszewy,starogardzki,pomorskie,934754
Skaryszew,Skaryszew,radomski,mazowieckie,973820
Skarżysko-Kamienna,Skarżysko-Kamienna,skarżyski,świętokrzyskie,947716
Skawina,Skawina,krakowski,małopolskie,951876
Skępe,Skępe,lipnowski,kujawsko-pomorskie,869583
Skierniewice,Skierniewice m,Skierniewice,łódzkie,976942
Skoczów,Skoczów,cieszyński,śląskie,925198
Skoki,Skoki,wągrowiecki,wielkopolskie,971459
Skórcz,Skórcz m,starogardzki,pomorskie,934777
Skwierzyna,Skwierzyna,międzyrzecki,lubuskie,935699
Sława,Sława,wschowski,lubuskie,988589
Sławków,Sławków,będziński,śląskie,943285
Sławno,Sławno m,sławieński,zachodniopomorskie,977410
Słomniki,Słomniki,krakowski,małopolskie,952077
Słubice,Słubice,słubicki,lubuskie,935736
Słupca,Słupca m,słupecki,wielkopolskie,949247
Słupsk,Słupsk m,Słupsk,pomorskie,977278
Sobótka,Sobótka,wrocławski,dolnośląskie,987294
Sochaczew,Sochaczew m,sochaczewski,mazowieckie,977120
Sokołów Małopolski,Sokołów Małopolski,rzeszowski,podkarpackie,974966
Sokołów Podlaski,Sokołów Podlaski m,sokołowski,mazowieckie,975760
Sokółka,Sokółka,sokólski,podlaskie,923443
Solec Kujawski,Solec Kujawski,bydgoski,kujawsko-pomorskie,929552
Sompolno,Sompolno,koniński,wielkopolskie,949253
Sopot,Sopot,Sopot,pomorskie,934783
Sosnowiec,Sosnowiec,Sosnowiec,śląskie,943428
Sośnicowice,Sośnicowice,gliwicki,śląskie,221936
Stalowa Wola,Stalowa Wola,stalowowolski,podkarpackie,981133
Starachowice,Starachowice,starachowicki,świętokrzyskie,947930
Stargard Szczeciński,Stargard Szczeciński m,stargardzki,zachodniopomorskie,979596
Starogard Gdański,Starogard Gdański m,starogardzki,pomorskie,934837
Stary Sącz,Stary Sącz,nowosądecki,małopolskie,963359
Staszów,Staszów,staszowski,świętokrzyskie,981274
Stawiski,Stawiski,kolneński,podlaskie,957548
Stawiszyn,Stawiszyn,kaliski,wielkopolskie,937327
Stąporków,Stąporków,konecki,świętokrzyskie,948271
Stepnica,Stepnica,goleniowski,zachodniopomorskie,783864
Stęszew,Stęszew,poznański,wielkopolskie,971494
Stoczek Łukowski,Stoczek Łukowski m,łukowski,lubelskie,975813
Stopnica,Stopnica,buski,świętokrzyskie,272951
Stronie Śląskie,Stronie Śląskie,kłodzki,dolnośląskie,984545
Strumień,Strumień,cieszyński,śląskie,925258
Stryków,Stryków,zgierski,łódzkie,959240
Strzegom,Strzegom,świdnicki,dolnośląskie,984551
Strzelce Krajeńskie,Strzelce Krajeńskie,strzelecko-drezdenecki,lubuskie,935742
Strzelce Opolskie,Strzelce Opolskie,strzelecki,opolskie,965915
Strzelin,Strzelin,strzeliński,dolnośląskie,987331
Strzelno,Strzelno,mogileński,kujawsko-pomorskie,929598
Strzyżów,Strzyżów,strzyżowski,podkarpackie,975010
Sucha Beskidzka,Sucha Beskidzka,suski,małopolskie,925287
Suchań,Suchań,stargardzki,zachodniopomorskie,979716
Suchedniów,Suchedniów,skarżyski,świętokrzyskie,948360
Suchowola,Suchowola,sokólski,podlaskie,41312
Sulechów,Sulechów,zielonogórski,lubuskie,988595
Sulejów,Sulejów,piotrkowski,łódzkie,968233
Sulejówek,Sulejówek,miński,mazowieckie,921668
Sulęcin,Sulęcin,sulęciński,lubuskie,935759
Sulmierzyce,Sulmierzyce,krotoszyński,wielkopolskie,937333
Sułkowice,Sułkowice,myślenicki,małopolskie,952137
Supraśl,Supraśl,białostocki,podlaskie,923472
Suraż,Suraż,białostocki,podlaskie,923510
Susz,Susz,iławski,warmińsko-mazurskie,932979
Suwałki,Suwałki m,Suwałki,podlaskie,977456
Swarzędz,Swarzędz,poznański,wielkopolskie,971502
Syców,Syców,oleśnicki,dolnośląskie,937379
Szadek,Szadek,zduńskowolski,łódzkie,976451
Szamocin,Szamocin,chodzieski,wielkopolskie,967096
Szamotuły,Szamotuły,szamotulski,wielkopolskie,971531
Szczawnica,Szczawnica,nowotarski,małopolskie,963454
Szczawno-Zdrój,Szczawno-Zdrój,wałbrzyski,dolnośląskie,984574
Szczebrzeszyn,Szczebrzeszyn,zamojski,lubelskie,987934
Szczecin,Szczecin,Szczecin,zachodniopomorskie,977976
Szczecinek,Szczecinek m,szczecinecki,zachodniopomorskie,950262
Szczekociny,Szczekociny,zawierciański,śląskie,932413
Szczucin,Szczucin,dąbrowski,małopolskie,831149
Szczuczyn,Szczuczyn,grajewski,podlaskie,957560
Szczyrk,Szczyrk,bielski,śląskie,925850
Szczytna,Szczytna,kłodzki,dolnośląskie,984597
Szczytno,Szczytno m,szczycieński,warmińsko-mazurskie,964991
Szepietowo,Szepietowo,wysokomazowiecki,podlaskie,407380
Szklarska Poręba,Szklarska Poręba,jeleniogórski,dolnośląskie,936368
Szlichtyngowa,Szlichtyngowa,wschowski,lubuskie,954640
Szprotawa,Szprotawa,żagański,lubuskie,988603
Sztum,Sztum,sztumski,pomorskie,932991
Szubin,Szubin,nakielski,kujawsko-pomorskie,929612
Szydłowiec,Szydłowiec,szydłowiecki,mazowieckie,973895
Ścinawa,Ścinawa,lubiński,dolnośląskie,954202
Ślesin,Ślesin,koniński,wielkopolskie,949282
Śmigiel,Śmigiel,kościański,wielkopolskie,954656
Śrem,Śrem,śremski,wielkopolskie,971560
Środa Śląska,Środa Śląska,średzki,dolnośląskie,987348
Środa Wielkopolska,Środa Wielkopolska,średzki,wielkopolskie,971614
Świątniki Górne,Świątniki Górne,krakowski,małopolskie,337774
Świdnica,Świdnica m,świdnicki,dolnośląskie,984657
Świdnik,Świdnik,świdnicki,lubelskie,957146
Świdwin,Świdwin m,świdwiński,zachodniopomorskie,950322
Świebodzice,Świebodzice,świdnicki,dolnośląskie,984663
Świebodzin,Świebodzin,świebodziński,lubuskie,988626
Świecie,Świecie,świecki,kujawsko-pomorskie,929664
Świeradów-Zdrój,Świeradów-Zdrój,lubański,dolnośląskie,936457
Świerzawa,Świerzawa,złotoryjski,dolnośląskie,936486
Świętochłowice,Świętochłowice,Świętochłowice,śląskie,943724
Świnoujście,Świnoujście,Świnoujście,zachodniopomorskie,979722
Tarczyn,Tarczyn,piaseczyński,mazowieckie,9478
Tarnobrzeg,Tarnobrzeg,Tarnobrzeg,podkarpackie,980085
Tarnogród,Tarnogród,biłgorajski,lubelskie,988069
Tarnowskie Góry,Tarnowskie Góry,tarnogórski,śląskie,943813
Tarnów,Tarnów m,Tarnów,małopolskie,981570
Tczew,Tczew m,tczewski,pomorskie,934903
Terespol,Terespol m,bialski,lubelskie,922343
Tłuszcz,Tłuszcz,wołomiński,mazowieckie,966441
Tolkmicko,Tolkmicko,elbląski,warmińsko-mazurskie,933000
Tomaszów Lubelski,Tomaszów Lubelski m,tomaszowski,lubelskie,988075
Tomaszów Mazowiecki,Tomaszów Mazowiecki m,tomaszowski,łódzkie,968300
Toruń,Toruń,Toruń,kujawsko-pomorskie,982724
Torzym,Torzym,sulęciński,lubuskie,915484
Toszek,Toszek,gliwicki,śląskie,944126
Trzcianka,Trzcianka,czarnkowsko-trzcianecki,wielkopolskie,967162
Trzciel,Trzciel,międzyrzecki,lubuskie,935771
Trzcińsko-Zdrój,Trzcińsko-Zdrój,gryfiński,zachodniopomorskie,979952
Trzebiatów,Trzebiatów,gryficki,zachodniopomorskie,979969
Trzebinia,Trzebinia,chrzanowski,małopolskie,944149
Trzebnica,Trzebnica,trzebnicki,dolnośląskie,987383
Trzemeszno,Trzemeszno,gnieźnieński,wielkopolskie,929701
Tuchola,Tuchola,tucholski,kujawsko-pomorskie,929724
Tuchów,Tuchów,tarnowski,małopolskie,982457
Tuczno,Tuczno,wałecki,zachodniopomorskie,967185
Tuliszków,Tuliszków,turecki,wielkopolskie,949320
Turek,Turek,turecki,wielkopolskie,949336
Tuszyn,Tuszyn,łódzki wschodni,łódzkie,968569
Twardogóra,Twardogóra,oleśnicki,dolnośląskie,987390
Tychowo,Tychowo,białogardzki,zachodniopomorskie,313839
Tychy,Tychy,Tychy,śląskie,944534
Tyczyn,Tyczyn,rzeszowski,podkarpackie,975078
Tykocin,Tykocin,białostocki,podlaskie,43446
Tyszowce,Tyszowce,tomaszowski,lubelskie,903676
Ujazd,Ujazd,strzelecki,opolskie,965967
Ujście,Ujście,pilski,wielkopolskie,967191
Ulanów,Ulanów,niżański,podkarpackie,981386
Uniejów,Uniejów,poddębicki,łódzkie,949359
Ustka,Ustka m,słupski,pomorskie,977427
Ustroń,Ustroń,cieszyński,śląskie,926677
Ustrzyki Dolne,Ustrzyki Dolne,bieszczadzki,podkarpackie,953817
Wadowice,Wadowice,wadowicki,małopolskie,926921
Wałbrzych,Wałbrzych,Wałbrzych,dolnośląskie,983681
Wałcz,Wałcz m,wałecki,zachodniopomorskie,967245
Warka,Warka,grójecki,mazowieckie,973978
Warszawa,Warszawa,Warszawa,mazowieckie,918123
Warta,Warta,sieradzki,łódzkie,976557
Wasilków,Wasilków,białostocki,podlaskie,923526
Wąbrzeźno,Wąbrzeźno m,wąbrzeski,kujawsko-pomorskie,983652
Wąchock,Wąchock,starachowicki,świętokrzyskie,276802
Wągrowiec,Wągrowiec m,wągrowiecki,wielkopolskie,967297
Wąsosz,Wąsosz,górowski,dolnośląskie,954662
Wejherowo,Wejherowo m,wejherowski,pomorskie,934984
Węgliniec,Węgliniec,zgorzelecki,dolnośląskie,936492
Węgorzewo,Węgorzewo,węgorzewski,warmińsko-mazurskie,977947
Węgorzyno,Węgorzyno,łobeski,zachodniopomorskie,980062
Węgrów,Węgrów,węgrowski,mazowieckie,975871
Wiązów,Wiązów,strzeliński,dolnośląskie,987437
Wieleń,Wieleń,czarnkowsko-trzcianecki,wielkopolskie,967334
Wielichowo,Wielichowo,grodziski,wielkopolskie,971620
Wieliczka,Wieliczka,wielicki,małopolskie,952232
Wieluń,Wieluń,wieluński,łódzkie,976586
Wieruszów,Wieruszów,wieruszowski,łódzkie,937400
Więcbork,Więcbork,sępoleński,kujawsko-pomorskie,929820
Wilamowice,Wilamowice,bielski,śląskie,926996
Wisła,Wisła,cieszyński,śląskie,927091
Witkowo,Witkowo,gnieźnieński,wielkopolskie,949388
Witnica,Witnica,gorzowski,lubuskie,935794
Wleń,Wleń,lwówecki,dolnośląskie,936500
Władysławowo,Władysławowo,pucki,pomorskie,935015
Włocławek,Włocławek m,Włocławek,kujawsko-pomorskie,984752
Włodawa,Włodawa m,włodawski,lubelskie,930294
Włoszczowa,Włoszczowa,włoszczowski,świętokrzyskie,948472
Wodzisław Śląski,Wodzisław Śląski,wodzisławski,śląskie,944853
Wojcieszów,Wojcieszów,złotoryjski,dolnośląskie,936517
Wojkowice,Wojkowice,będziński,śląskie,945232
Wojnicz,Wojnicz,tarnowski,małopolskie,836276
Wolbórz,Wolbórz,piotrkowski,łódzkie,556648
Wolbrom,Wolbrom,olkuski,małopolskie,945315
Wolin,Wolin,kamieński,zachodniopomorskie,980079
Wolsztyn,Wolsztyn,wolsztyński,wielkopolskie,988632
Wołczyn,Wołczyn,kluczborski,opolskie,965996
Wołomin,Wołomin,wołomiński,mazowieckie,921792
Wołów,Wołów,wołowski,dolnośląskie,987466
Woźniki,Woźniki,lubliniecki,śląskie,932494
Wrocław,Wrocław,Wrocław,dolnośląskie,986283
Wronki,Wronki,szamotulski,wielkopolskie,967386
Września,Września,wrzesiński,wielkopolskie,971637
Wschowa,Wschowa,wschowski,lubuskie,954685
Wyrzysk,Wyrzysk,pilski,wielkopolskie,967392
Wysoka,Wysoka,pilski,wielkopolskie,967417
Wysokie Mazowieckie,Wysokie Mazowieckie m,wysokomazowiecki,podlaskie,957620
Wyszków,Wyszków,wyszkowski,mazowieckie,966470
Wyszogród,Wyszogród,płocki,mazowieckie,969356
Wyśmierzyce,Wyśmierzyce,białobrzeski,mazowieckie,974044
Zabłudów,Zabłudów,białostocki,podlaskie,923578
Zabrze,Zabrze,Zabrze,śląskie,945380
Zagórów,Zagórów,słupecki,wielkopolskie,949431
Zagórz,Zagórz,sanocki,podkarpackie,953881
Zakliczyn,Zakliczyn,tarnowski,małopolskie,837436
Zaklików,Zaklików,stalowowolski,podkarpackie,810615
Zakopane,Zakopane,tatrzański,małopolskie,963773
Zakroczym,Zakroczym,nowodworski,mazowieckie,921869
Zalewo,Zalewo,iławski,warmińsko-mazurskie,965000
Zambrów,Zambrów m,zambrowski,podlaskie,957637
Zamość,Zamość m,Zamość,lubelskie,987510
Zator,Zator,oświęcimski,małopolskie,927576
Zawadzkie,Zawadzkie,strzelecki,opolskie,966004
Zawichost,Zawichost,sandomierski,świętokrzyskie,981417
Zawidów,Zawidów,zgorzelecki,dolnośląskie,936523
Zawiercie,Zawiercie,zawierciański,śląskie,945491
Ząbki,Ząbki,wołomiński,mazowieckie,921958
Ząbkowice Śląskie,Ząbkowice Śląskie,ząbkowicki,dolnośląskie,984692
Zbąszynek,Zbąszynek,świebodziński,lubuskie,988649
Zbąszyń,Zbąszyń,nowotomyski,wielkopolskie,988655
Zduny,Zduny,krotoszyński,wielkopolskie,937439
Zduńska Wola,Zduńska Wola m,zduńskowolski,łódzkie,976675
Zdzieszowice,Zdzieszowice,krapkowicki,opolskie,966040
Zelów,Zelów,bełchatowski,łódzkie,968664
Zgierz,Zgierz m,zgierski,łódzkie,959263
Zgorzelec,Zgorzelec m,zgorzelecki,dolnośląskie,936546
Zielona Góra,Zielona Góra,Zielona Góra,lubuskie,988313
Zielonka,Zielonka,wołomiński,mazowieckie,921970
Ziębice,Ziębice,ząbkowicki,dolnośląskie,984700
Złocieniec,Złocieniec,drawski,zachodniopomorskie,950374
Złoczew,Złoczew,sieradzki,łódzkie,976830
Złotoryja,Złotoryja m,złotoryjski,dolnośląskie,954219
Złotów,Złotów m,złotowski,wielkopolskie,967423
Złoty Stok,Złoty Stok,ząbkowicki,dolnośląskie,984723
Zwierzyniec,Zwierzyniec,zamojski,lubelskie,988253
Zwoleń,Zwoleń,zwoleński,mazowieckie,974096
Żabno,Żabno,tarnowski,małopolskie,982641
Żagań,Żagań m,żagański,lubuskie,988661
Żarki,Żarki,myszkowski,śląskie,932643
Żarów,Żarów,świdnicki,dolnośląskie,984746
Żary,Żary m,żarski,lubuskie,988684
Żelechów,Żelechów,garwoliński,mazowieckie,975983
Żerków,Żerków,jarociński,wielkopolskie,937445
Żmigród,Żmigród,trzebnicki,dolnośląskie,987503
Żnin,Żnin,żniński,kujawsko-pomorskie,929865
Żory,Żory,Żory,śląskie,945746
Żukowo,Żukowo,kartuski,pomorskie,935127
Żuromin,Żuromin,żuromiński,mazowieckie,930851
Żychlin,Żychlin,kutnowski,łódzkie,969391
Żyrardów,Żyrardów,żyrardowski,mazowieckie,977210
Żywiec,Żywiec,żywiecki,śląskie,927642